Name-First,Name-Last,Email,Phone,Status,Experience with Spoken Latin,Knowledge of Ancient Greek,Cena Latina?,Payment Method,Hotel Interest,Paid?
Anne,Pearson,apearson@trinitypawling.org,845-612-9462,High School Teacher,Beginner,None,No,Online with credit card (preferred),Yes,Y
Joel,Derfner,joel@joelderfner.com,917-699-0213,Other,Intermediate,None,Yes,Online with credit card (preferred),No,Y
Catherine,Rogers,crogers@responsiveed.com,469-417-8904,High School Teacher,Beginner,None,No,Online with credit card (preferred),Yes,Y
Lisa,Schroeder,lschroeder@nazarethacademyhs.org,Lisa,High School Teacher,Beginner,None,Yes,Online with credit card (preferred),No,Y
Eric,Hensley,ech400@nyu.edu,713-628-0137,Graduate Student,Intermediate,None,No,Online with credit card (preferred),No,
Sara,Chopra,schopra@pds.org,609-455-9004,High School Student,Beginner,None,Yes,Online with credit card (preferred),No,Y
Jessica,Hildahl,jlhildahl@gmail.com,475-227-4577,High School Teacher,Intermediate,None,No,Online with credit card (preferred),No,Y
Brian,Thomas,brian.thomas@covenantchristian.net,817-692-5295,High School Teacher,Intermediate,None,Yes,Online with credit card (preferred),Yes,Y
Daniel,Cordes,dcordes381@gmail.com,646-629-4408,Other,Beginner,None,No,Online with credit card (preferred),No,Y
Brett,Joly,bjoly@northbranfordschools.org,203-208-1650,High School Teacher,Beginner,None,No,Online with credit card (preferred),Yes,Y
Kevin,Perry,kperry@cathedral.org,540-419-3312,High School Teacher,Intermediate,None,Yes,Online with credit card (preferred),Yes,Y
Oliver,Goh,scarletfu@yahoo.com,914-723-1201,High School Student,Intermediate,None,Yes,Online with credit card (preferred),Yes,
Jake,Shilling,shilling.jake@gmail.com,410-929-3215,High School Teacher,Intermediate,None,Yes,Online with credit card (preferred),Yes,Y
Alexander,McAdams,alexander.l.mcadams@rice.edu,228-239-3171,Graduate Student,Beginner,None,Yes,Online with credit card (preferred),No,Y
Daniel,Faulkner,danielfaulkner765@gmail.com,917-745-7313,Other,Intermediate,None,Yes,Online with credit card (preferred),No,Y
Annica,Ahlstrom,annica@dilogy.net,651-587-2783,Other,Intermediate,None,Yes,Online with credit card (preferred),Yes,Y
Patricia,Makowski,patricia.o.makowski@gmail.com,410-929-3215,Other,Beginner,None,Yes,Online with credit card (preferred),No,Y
Abbi,Holt,oldeforest@gmail.com,617-571-0029,High School Teacher,Intermediate,None,Yes,Online with credit card (preferred),No,Y
John,Ricard,john.ricard@pinecrest.edu,954-492-6671,High School Teacher,Beginner,None,Yes,Online with credit card (preferred),Yes,Y
Madison,Forbes,m1forbes@student.bridgew.edu,508-463-7402,College Student,Intermediate,None,Yes,Check by mail,No,Y
Aviel,Honey,ahoney@students.latinpcs.org,724-991-4561,High School Student,Beginner,None,No,Online with credit card (preferred),Yes,Y
Lindsay,Sears,lsears@greenwichacademy.org,203-552-4458,High School Teacher,Intermediate,None,No,Online with credit card (preferred),No,Y
Felix,Nusbaum,felix.nusbaum@gmail.com,Felix,High School Student,Beginner,None,No,Online with credit card (preferred),No,Y
Marc,Moskowitz,marc@suberic.net,781-266-6201,Other,Advanced,None,Yes,Online with credit card (preferred),Yes,Y
Jeanie,Wolfs,jwolfs@u.rochester.edu,585-271-7452,College Student,Beginner,None,Yes,Online with credit card (preferred),Yes,Y
Joanna,Boyland,joanna4school@gmail.com,414-687-9866,High School Student,Intermediate,None,Yes,Online with credit card (preferred),Yes,Y
Melanie,Streed,mstreed@sssas.org,571-332-2633,High School Teacher,Beginner,None,No,Online with credit card (preferred),No,Y
Daniel,Schneider,dsch1016@yahoo.com,774-279-0746,Other,Intermediate,None,No,Online with credit card (preferred),No,
Hannah,Decker,hdecker@stjosephacademy.org,405-990-4381,High School Teacher,Beginner,None,Yes,Online with credit card (preferred),No,Y
Mallory,Cheatham,mallorycheatham12@gmail.com,281-961-9734,High School Teacher,Beginner,None,No,Online with credit card (preferred),Yes,Y
ioanna,laeta,ioannalaeta@gmail.com,ioanna,Other,Advanced,None,Yes,Online with credit card (preferred),No,Y
Lucia,Cadavid,Lucicadavid@hotmail.com,917-703-4665,College Student,Beginner,None,Yes,Online with credit card (preferred),No,Y
Nicholas,Lawson,nrap3@aol.com,605-786-7129,Other,Beginner,None,Yes,Online with credit card (preferred),Yes,Y
Rosemarie,Gebbia,rgsteeber@hotmail.com,310-483-5552,High School Teacher,Beginner,None,Yes,Online with credit card (preferred),Yes,Y
Michael,Lo Piano,michael.lopiano@yale.edu,203-610-4071,Graduate Student,Intermediate,None,No,Online with credit card (preferred),No,Y
JANET,BROOKS,jpbrooks1954@aol.com,860-316-5230,Other,Beginner,None,No,Check by mail,No,Y
Grace,Rosenberg,roseng@d-e.org,201-870-2701,High School Student,Intermediate,None,No,Online with credit card (preferred),No,Y
Meghan,Kiernan,magistrakiernan@gmail.com,201-725-4621,High School Teacher,Beginner,None,No,Online with credit card (preferred),Yes,
Ben,Zimmerman,bzimmerman2019@gmail.com,973-258-1359,High School Student,Beginner,None,No,Online with credit card (preferred),No,Y
Micaela,Carroll,micabc3@gmail.com,202-603-9866,Undergraduate Student,Beginner,None,Yes,Online with credit card (preferred),No,Y
Alexandra,Jennings,alexandrajennings21@gmail.com,949-303-8063,High School Teacher,Beginner,None,No,Online with credit card (preferred),Yes,Y
Paul,Perrot,plperrot@gmail.com,703-675-7992,High School Teacher,Advanced,None,No,Online with credit card (preferred),Yes,Y
Rachel,Ruisard,rachelruisard@gmail.com,908-566-2357,Graduate Student,Beginner,None,Yes,Online with credit card (preferred),Yes,Y
Jania,Clare,jclare@students.latinpcs.org,202-840-2842,High School Student,Beginner,None,No,Online with credit card (preferred),Yes,Y
Ian,Sutherland,isutherland@middlebury.edu,802-349-9480,College Professor,Beginner,None,No,Online with credit card (preferred),Yes,Y
Josef,Cressotti,jncressotti@hotmail.com,951-218-4950,High School Teacher,Intermediate,None,Yes,Online with credit card (preferred),No,Y
Kat,Gray,graycat145@gmail.com,914-268-8667,High School Student,Beginner,None,Yes,Online with credit card (preferred),Yes,
Emma,Boyle,emma.boyle@smes.org,Emma,High School Teacher,Beginner,None,No,Online with credit card (preferred),Yes,Y
Michele,Becker,michele.becker@saintjosephprep.org,847-345-6119,High School Teacher,Beginner,None,No,Check by mail,Yes,Purchase order from school is in the works
leyla,giordano,katarina.dimich@us.bnpparibas.com,917-690-2929,High School Student,Beginner,None,Yes,Online with credit card (preferred),No,Y
Gabrielle,Bouzigard,gbouzigard@utexas.edu,512-962-9489,Graduate Student,Beginner,None,Yes,Check by mail,Yes,Y
Jania,Clare,jclare@students.latinpcs.org,202-840-2842,High School Student,Beginner,None,No,Online with credit card (preferred),Yes,Y
Amelie,Ya Deau,ayadeau1@swarthmore.edu,646-455-7061,College Student,Beginner,None,Yes,Online with credit card (preferred),Yes,Y
Elizabeth Davis,Davis,edavis39@fordham.edu,845-401-7103,College Student,Beginner,None,Yes,Online with credit card (preferred),No,Y
Holly,Russo,holly.engvall@gmail.com,508-410-5667,High School Teacher,Advanced,None,Yes,Online with credit card (preferred),No,Y
Stephanie,Diehl,sd1039@scarletmail.rutgers.edu,774-365-7978,Graduate Student,Intermediate,None,Yes,Online with credit card (preferred),No,Y
John Elmer,Abad,john.abad@utoronto.ca,718-204-0218,Graduate Student,Intermediate,None,Yes,Online with credit card (preferred),No,Y
,,,,,,,,,,
Tobias,Philip,tphilip1@swarthmore.edu,347-484-4772,College Student,Intermediate,Intermediate,Yes,Check by mail,No,Y
Leo,Mahler,mahlerl@stlukesct.org,203-801-4966,High School Teacher,Intermediate,Intermediate,Yes,Online with credit card (preferred),No,Y
David,Bonagura,davidbonagura@gmail.com,212-288-1100,High School Teacher,Advanced,Intermediate,No,Online with credit card (preferred),No,Y
Olivia,Volkert,oliviavolkert@gmail.com,770-365-3322,College Student,Beginner,Intermediate,Yes,Online with credit card (preferred),No,Y
Steven,Merola,smerola@westportps.org,203-641-2599,High School Teacher,Beginner,Intermediate,Yes,Check by mail,Yes,Y
TYLER,PATTERSON,TNPATTER@USC.EDU,805-452-8113,Graduate Student,Intermediate,Intermediate,Yes,Online with credit card (preferred),Yes,Y
Emily,Landau,elandau@eaglebrook.org,734-330-4478,High School Teacher,Advanced,Intermediate,No,Check by mail,Yes,Y
Paul,Monaghan,paulmo@nipissingu.ca,705-303-5338,College Professor,Intermediate,Intermediate,Yes,Online with credit card (preferred),Yes,Y
John,Scurfield,jhscurfield@gmail.com,717-364-2454,High School Teacher,Advanced,Intermediate,Yes,Check by mail,Yes,Y
Edgar,Elliott,ee2400@columbia.edu,646-830-2706,College Student,Beginner,Intermediate,No,Check by mail,No,
Claire,Mieher,claire.mieher@gmail.com,413-230-9778,High School Student,Intermediate,Intermediate,No,Online with credit card (preferred),No,Y
Raymond,Spiotta,rspiotta@responsiveed.com,630-346-3538,High School Teacher,Intermediate,Intermediate,No,Online with credit card (preferred),Yes,Y
Jinjie,Dong,jdong1@swarthmore.edu,267-323-6325,College Student,Beginner,Intermediate,Yes,Check by mail,No,Y
Mark Pearsall,Pearsall,mpearsall281@earthlink.net,860-455-5231,High School Teacher,Intermediate,Intermediate,Yes,Online with credit card (preferred),Yes,Y
Corrado,Russo,cmichaelrusso@gmail.com,978-660-1423,High School Teacher,Advanced,Intermediate,Yes,Online with credit card (preferred),No,
Celia Kelly,Kelly,celiackelly@gmail.com,443-536-9650,Graduate Student,Advanced,Intermediate,Yes,Online with credit card (preferred),No,Y
Benjamin,Auger,benjamin.p.auger@gmail.com,907-301-9460,Other,Intermediate,Intermediate,No,Online with credit card (preferred),No,Y
Zoe,Tasse-Winter,ztassewinter@gmail.com,917-915-0409,Other,Beginner,Intermediate,No,Online with credit card (preferred),No,Y
Deborah,Cromley,cromledh@lemoyne.edu,315-440-4195,College Professor,Beginner,Intermediate,No,Online with credit card (preferred),Yes,Y
Kevin,Oriani,kjoriani@gmail.com,516-491-2575,High School Teacher,Advanced,Intermediate,No,Online with credit card (preferred),No,Y
Ethan,Warren,ewarren@u.rochester.edu,262-313-7666,Undergraduate Student,Advanced,Intermediate,Yes,Online with credit card (preferred),Yes,Y
Mary,Kimmel,mkimmel@responsiveed.com,850-572-0439,High School Teacher,Beginner,Intermediate,No,Online with credit card (preferred),Yes,Y
John,Ricard,john.ricard@pinecrest.edu,941-567-9131,High School Teacher,Beginner,Intermediate,Yes,Online with credit card (preferred),Yes,Y
Christopher,Buczek,crbuczek@gmail.com,814-315-4495,High School Teacher,Advanced,Intermediate,Yes,Online with credit card (preferred),Yes,Y
Perry,Tavenner,ptavenner@gmail.com,406-570-6798,High School Teacher,Intermediate,Intermediate,Yes,Online with credit card (preferred),Yes,Y
Niti,Bagchi,nbagchi@thehudsonschool.org,732-476-8038,High School Teacher,Beginner,Intermediate,Yes,Online with credit card (preferred),No,Y
Thomas,Cole,tjbcole@gmail.com,917-748-2573,Graduate Student,Intermediate,Intermediate,No,Online with credit card (preferred),No,Y
Daphne,Bissette,Daphnebissette@gmail.com,919-904-3728,Graduate Student,Intermediate,Intermediate,No,Online with credit card (preferred),No,Y
Samantha,La Peter,slapeter@northphoenixprep.org,480-289-8110,High School Teacher,Beginner,Intermediate,Yes,Check by mail,Yes,Y
Katherine,Piller,kpiller@lagunablanca.org,310-597-1763,High School Teacher,Beginner,Intermediate,Yes,Online with credit card (preferred),Yes,Y
Nicolle,Hirschfeld,nhirschf@trinity.edu,210-347-1753,College Professor,Intermediate,Intermediate,No,Online with credit card (preferred),Yes,Y
Diana,Beste,dbeste@choate.edu,203-269-6407,High School Teacher,Beginner,Intermediate,No,Online with credit card (preferred),No,Y
ANNMARIE,GRIFFIN,ANNMARIE@UMAIL.UCSB.EDU,916-223-5389,Undergraduate Student,Intermediate,Intermediate,Yes,Online with credit card (preferred),Yes,Y
Amy,Heck,aheck@eastbrookacademy.org,407-340-4362,High School Teacher,Intermediate,Intermediate,No,Check by mail,Yes,Y
Scott,Ettinger,settinger@riverdale.edu,917-420-5604,High School Teacher,Advanced,Intermediate,No,Check by mail,Yes,Y
Michael,Sweet,MichaelDSweet@gmail.com,330-704-2031,Other,Beginner,Intermediate,Yes,Online with credit card (preferred),Yes,Y
Sarah,Weiskittel,sarahweiskittel@gmail.com,513-262-3348,High School Teacher,Intermediate,Intermediate,Yes,Online with credit card (preferred),Yes,Y
Joseph,Garnjobst,jgarnjobst@hillsdale.edu,517-610-2831,College Professor,Beginner,Intermediate,No,Online with credit card (preferred),Yes,Y
Andrew,Morehouse,amorehouse117@gmail.com,508-269-0309,Other,Advanced,Intermediate,Yes,Online with credit card (preferred),No,Y
Diane Warne,Anderson,diane.anderson@umb.edu,612-812-4822,College Professor,Advanced,Intermediate,Yes,Online with credit card (preferred),Yes,Y
Marianthe Colakis,Colakis,mcolakis@schools.nyc.gov,718-263-1161,High School Teacher,Intermediate,Intermediate,Yes,Online with credit card (preferred),No,Y
Timothy,McGovern,timothy_mcgovern@ymail.com,973-896-3905,College Student,Beginner,Intermediate,Yes,Online with credit card (preferred),Yes,Y
Maxine,Lewis,maxine.lewis@auckland.ac.nz,Maxine,College Professor,Beginner,Intermediate,Yes,Online with credit card (preferred),Yes,Y
Phoebe,Lakin,phoebe.lakin@gmail.com,607-256-9308,College Student,Intermediate,Intermediate,Yes,Online with credit card (preferred),Yes,Y
Ed,Turner,eturner@thehill.org,484-432-1392,High School Teacher,Beginner,Intermediate,No,Online with credit card (preferred),No,Y
Joseph,McDonough,joseph.mcdonough@gmail.com,860-866-7123,High School Teacher,Intermediate,Intermediate,No,Online with credit card (preferred),Yes,Y
Tashi,Treadway,tashi@princeton.edu,304-703-5444,Undergraduate Student,Intermediate,Intermediate,Yes,Online with credit card (preferred),Yes,Y
Patricia,Weidler,patricia.weidler@gmail.com,516-320-9198,Other,Beginner,Intermediate,Yes,Online with credit card (preferred),No,Y
Nathaniel Ziv,Stern,nstern1@swarthmore.edu,617-335-7195,College Student,Intermediate,Intermediate,Yes,Check by mail,No,Y
John,Streiff,jstreiff@gocathedral.com,317-509-6696,High School Teacher,Beginner,Intermediate,Yes,Check by mail,Yes,Y
,,,,,,,,,,
Patricia,Craig,30craig@cua.edu,517-610-3232,Graduate Student,Advanced,Advanced,Yes,Online with credit card (preferred),Yes,Y
Figen,Geerts,ffg219@nyu.edu,929-913-8903,Graduate Student,Advanced,Advanced,Yes,Online with credit card (preferred),No,Y
David,White,David_J_White@Baylor.edu,254-640-1454,College Professor,Advanced,Advanced,Yes,Online with credit card (preferred),Yes,Y
James,Hunt,jhunt@fmschools.org,315-692-8161,High School Teacher,Intermediate,Advanced,No,Online with credit card (preferred),No,Y
Carl,Ploss,mr.cploss@gmail.com,203-494-1647,High School Teacher,Advanced,Advanced,Yes,Online with credit card (preferred),Yes,Y
Howard,Moore,hmoore@latinpcs.org,301-767-7180,High School Teacher,Beginner,Advanced,No,Online with credit card (preferred),Yes,Y
Jonas,Tai,jonastai8@gmail.com,732-268-9962,Undergraduate Student,Beginner,Advanced,Yes,Online with credit card (preferred),Yes,
Patrick,Burns,pjb311@nyu.edu,718-813-9073,Other,Intermediate,Advanced,Yes,Online with credit card (preferred),No,Y
Siyu,Tao,siyu.tao@columbia.edu,917-529-2781,Undergraduate Student,Beginner,Advanced,Yes,Online with credit card (preferred),No,Y
Marcello,Lippiello,marcello.lippiello@gmail.com,919-357-6093,Other,Advanced,Advanced,Yes,Online with credit card (preferred),No,Y
Ilaria,Marchesi,ilaria.marchesi@hofstra.edu,609-455-3665,College Professor,Intermediate,Advanced,No,Online with credit card (preferred),Yes,Y
David,Wright,djwrig85@gmail.com,570-575-1560,Graduate Student,Intermediate,Advanced,No,Online with credit card (preferred),No,Y
Elizabeth,Penland,elizabeth_penland@concordacademy.org,617-480-9653,High School Teacher,Intermediate,Advanced,No,Online with credit card (preferred),No,Y
Emily,Jusino,ejusino@ur.rochester.edu,757-206-4810,College Professor,Intermediate,Advanced,No,Online with credit card (preferred),Yes,Y
Tom,Garvey,tgarvey@themeadowsschool.org,408-833-2578,High School Teacher,Intermediate,Advanced,Yes,Online with credit card (preferred),No,Y
Suzanne,Nussbaum,suzannenussbaum@yahoo.com,607-277-6112,High School Teacher,Beginner,Advanced,Yes,Online with credit card (preferred),Yes,Y
Ronnie,Ancona,rancona@hunter.cuny.edu,215-917-3349,College Professor,Beginner,Advanced,No,Online with credit card (preferred),Yes,Y
Alexandra,Vining,avining@umass.edu,860-682-0037,Graduate Student,Beginner,Advanced,Yes,Online with credit card (preferred),No,Y
Melissa,Marturano,mmarturano@riverdale.edu,917-583-3896,High School Teacher,Intermediate,Advanced,No,Online with credit card (preferred),No,Y
Albertus,Requejo,albertoarequejo@gmail.com,253-267-2055,College Professor,Advanced,Advanced,Yes,Online with credit card (preferred),Yes,Y
Kevin,Duraiswamy,kevin.duraiswamy@gmail.com,650-868-6820,Undergraduate Student,Advanced,Advanced,Yes,Online with credit card (preferred),No,Y
Gabriel,Parlin,gabrielparlin@gmail.com,781-307-8917,Undergraduate Student,Beginner,Advanced,Yes,Online with credit card (preferred),No,Y
Jamie,Banks,jbanks@post.harvard.edu,917-620-6833,High School Teacher,Advanced,Advanced,Yes,Online with credit card (preferred),No,Y
,,,,,,,,,,
Debra,Heaton,dheaton@comcast.net,339-223-0852,High School Teacher,Beginner,Beginner,Yes,Online with credit card (preferred),Yes,Y
John,Carr,jtaylorcarr@gmail.com,802-299-8397,High School Teacher,Intermediate,Beginner,Yes,Check by mail,No,Y
Phebe,du Pont,phebedupont@gmail.com,914-648-0234,Undergraduate Student,Beginner,Beginner,No,Online with credit card (preferred),No,Y
Jonathan,Richman,jsr3151215@gmail.com,914-330-4614,Graduate Student,Intermediate,Beginner,Yes,Online with credit card (preferred),No,Y
Sergio,Baldini,sergio.baldini1980@gmail.com,647-378-0050,Graduate Student,Beginner,Beginner,Yes,Online with credit card (preferred),No,Y
Kevin,Lueck,kevin.lueck@gmail.com,917-623-6672,High School Teacher,Intermediate,Beginner,No,Online with credit card (preferred),No,Y
Daryl,Grissom,daryl.grissom@gmail.com,703-477-3392,High School Teacher,Intermediate,Beginner,Yes,Online with credit card (preferred),Yes,Y
Civita,Amatuzio,civita.amatuzio@gmail.com,204-995-1733,Undergraduate Student,Beginner,Beginner,Yes,Online with credit card (preferred),No,Y
Pedro,Pistoso,p.tcp@hotmail.com,646-512-0621,College Student,Intermediate,Beginner,Yes,Online with credit card (preferred),No,Y
Charlotte,Susser,csusser@marymountnyc.com,212-996-3327,High School Student,Beginner,Beginner,No,Online with credit card (preferred),No,Y
Beverley,McCaskill,beverley.mccaskill@gmail.com,504-376-3862,High School Teacher,Intermediate,Beginner,Yes,Online with credit card (preferred),Yes,Y
Jocelyn,Robertson,the5robertsons@verizon.net,540-771-0380,High School Student,Intermediate,Beginner,No,Online with credit card (preferred),No,Y
John,Young,jyoung@browning.edu,917-412-5961,High School Teacher,Advanced,Beginner,No,Online with credit card (preferred),No,Y
Isaac,Hoffman,ihoffman1@pride.hofstra.edu,573-855-6141,Undergraduate Student,Advanced,Beginner,No,Online with credit card (preferred),No,Y
Emma,Buckland Young,egby32@gmail.com,206-859-9102,Other,Beginner,Beginner,Yes,Online with credit card (preferred),No,Y
Oliver,Nusbaum,jnusbaum@brunswickschool.org,914-708-9541,High School Student,Beginner,Beginner,No,Online with credit card (preferred),No,Y
David,Finkelstein,dfinkelstein@eanesisd.net,832-452-2916,Other,Beginner,Beginner,Yes,Online with credit card (preferred),No,Y
Madeline,Wolfs,mwolfs@u.rochester.edu,585-271-7452,Graduate Student,Beginner,Beginner,Yes,Online with credit card (preferred),Yes,Y
Kelsey,Coia,coia.kelsey@gmail.com,703-629-7887,High School Student,Intermediate,Beginner,Yes,Online with credit card (preferred),No,Y
Lyla,Cerulli,lcerulli@dominicanacademy.org,347-446-3917,High School Teacher,Intermediate,Beginner,Yes,Online with credit card (preferred),No,Y
Laura,Manning,manning@paideia-institute.org,201-895-2650,Graduate Student,Advanced,Beginner,Yes,Online with credit card (preferred),Yes,Y
Meredith,Murphy,1meredith.murphy@gmail.com,Meredith,Other,Beginner,Beginner,Yes,Online with credit card (preferred),No,Y
Brian,Gross,bgross@gocathedral.com,317-721-2744,High School Teacher,Intermediate,Beginner,Yes,Check by mail,Yes,Y
Kate,Sheeler,ksheeler@cathedral.org,202-468-1720,High School Teacher,Beginner,Beginner,Yes,Online with credit card (preferred),Yes,Y
Tatiana,Whitman,tatianawhitman@gmail.com,917-745-6047,High School Student,Beginner,Beginner,No,Online with credit card (preferred),No,
Susan,Rasmussen,rasmussen@paideia-institute.org,605-759-7510,Other,Advanced,Beginner,No,Online with credit card (preferred),No,Y
Grace,Milliman,gracemilliman@students.westonps.org,203-837-6006,High School Student,Beginner,Beginner,Yes,Online with credit card (preferred),Yes,Y
MaryLiz,Williamson,mwilliamson@choate.edu,203-687-6426,High School Teacher,Beginner,Beginner,No,Online with credit card (preferred),Yes,Y
Thomas,Howell,t_j_howell@yahoo.com,413-214-2517,High School Teacher,Advanced,Beginner,No,Online with credit card (preferred),No,Y
Caroine,Murphy Racette,cmurphyracette@gmail.com,847-492-0284,High School Student,Intermediate,Beginner,Yes,Online with credit card (preferred),No,Y
River,Emrys,remrys@latinpcs.org,510-505-1848,High School Teacher,Beginner,Beginner,Yes,Online with credit card (preferred),Yes,Y
Yibei,Qian,yiqian@vassar.edu,845-337-8831,College Student,Intermediate,Beginner,Yes,Online with credit card (preferred),Yes,
Sarah,Penso,skpenso@gmail.com,718-796-6848,Other,Advanced,Beginner,No,Online with credit card (preferred),No,Y
Laurie,Duncan,lduncan@villageschool.us,804-615-3315,Other,Intermediate,Beginner,Yes,Online with credit card (preferred),Yes,Y
Elizabeth,Szylejko,hestand@paideia-institute.org,267-784-3657,High School Teacher,Advanced,Beginner,Yes,Check by mail,No,Y
Emma,Johnson,finess6739@aol.com,714-206-4344,High School Teacher,Beginner,Beginner,No,Online with credit card (preferred),No,Y
Chuck,Munn,cmunn@eaglebrook.org,Chuck,High School Teacher,Intermediate,Beginner,Yes,Online with credit card (preferred),Yes,Y
Anthony,Ambrogio,antny41154@cs.com,917-733-9101,High School Teacher,Intermediate,Beginner,Yes,Online with credit card (preferred),No,Y
Ayla,Wing,ayla.wing@gmail.com,313-231-9953,College Student,Intermediate,Beginner,Yes,Online with credit card (preferred),No,Y
Nathalie,Nisinson,nathalielsn@gmail.com,917-287-1794,High School Teacher,Intermediate,Beginner,Yes,Check by mail,No,Y
Jordan,Matteoli,jmatteoli@responsiveed.com,707-499-8476,High School Teacher,Beginner,Beginner,No,Online with credit card (preferred),Yes,Y
Kaitlin,Moleen,kmoleen@westex.org,908-418-2911,High School Teacher,Beginner,Beginner,No,Check by mail,No,Y
Jeffrey,Streed,JAS@episcopalhighschool.org,571-335-6640,High School Teacher,Intermediate,Beginner,No,Online with credit card (preferred),Yes,Y
Kristin,Webster,kwebster@saes.org,646-678-0362,High School Teacher,Beginner,Beginner,Yes,Online with credit card (preferred),No,Y
Bradley,Morley,bradleymorley4@gmail.com,203-232-1735,Graduate Student,Intermediate,Beginner,Yes,Online with credit card (preferred),Yes,Y
Evan,Smith,esmith@gds.org,202-274-3219,High School Teacher,Advanced,Beginner,No,Check by mail,No,Y
Jill,Chessman,jmchessman@verizon.net,203-531-4424,High School Teacher,Beginner,Beginner,No,Online with credit card (preferred),No,Y
,,,,,,,,,,
